videoLink1,videoLink2,videoLink3,videoLink4,videoLink5,videoLink6,videoLink7,videoLink8,videoLink9,videoLink10,videoLink11
https://storage.googleapis.com/long_term_videos/short_video_segments/breakfast/webcam01_P47_0/4.mp4,https://storage.googleapis.com/long_term_videos/short_video_segments/breakfast/stereo_P45_3_ch1/1.mp4,https://storage.googleapis.com/long_term_videos/short_video_segments/breakfast/webcam02_P51_7/1.mp4,https://storage.googleapis.com/long_term_videos/short_video_segments/breakfast/webcam01_P47_0/1.mp4,https://storage.googleapis.com/long_term_videos/short_video_segments/breakfast/webcam01_P51_2/4.mp4,https://storage.googleapis.com/long_term_videos/short_video_segments/breakfast/cam02_P47_6/3.mp4,https://storage.googleapis.com/long_term_videos/short_video_segments/breakfast/cam02_P53_1/0.mp4,https://storage.googleapis.com/long_term_videos/short_video_segments/breakfast/cam02_P45_0/4.mp4,https://storage.googleapis.com/long_term_videos/short_video_segments/breakfast/cam02_P53_4/0.mp4,https://storage.googleapis.com/long_term_videos/short_video_segments/breakfast/webcam02_P50_8/0.mp4,https://storage.googleapis.com/long_term_videos/short_video_segments/breakfast/cam01_P52_4/2.mp4
https://storage.googleapis.com/long_term_videos/short_video_segments/breakfast/webcam02_P48_9/4.mp4,https://storage.googleapis.com/long_term_videos/short_video_segments/breakfast/stereo_P54_2_ch0/5.mp4,https://storage.googleapis.com/long_term_videos/short_video_segments/breakfast/stereo_P50_5_ch1/1.mp4,https://storage.googleapis.com/long_term_videos/short_video_segments/breakfast/stereo_P54_6_ch0/0.mp4,https://storage.googleapis.com/long_term_videos/short_video_segments/breakfast/webcam02_P45_5/2.mp4,https://storage.googleapis.com/long_term_videos/short_video_segments/breakfast/webcam01_P48_3/1.mp4,https://storage.googleapis.com/long_term_videos/short_video_segments/breakfast/stereo_P53_6_ch0/0.mp4,https://storage.googleapis.com/long_term_videos/short_video_segments/breakfast/webcam01_P48_2/3.mp4,https://storage.googleapis.com/long_term_videos/short_video_segments/breakfast/webcam01_P47_0/8.mp4,https://storage.googleapis.com/long_term_videos/short_video_segments/breakfast/webcam02_P51_7/4.mp4,https://storage.googleapis.com/long_term_videos/short_video_segments/breakfast/cam01_P48_8/2.mp4
https://storage.googleapis.com/long_term_videos/short_video_segments/breakfast/cam01_P51_9/8.mp4,https://storage.googleapis.com/long_term_videos/short_video_segments/breakfast/cam01_P51_9/3.mp4,https://storage.googleapis.com/long_term_videos/short_video_segments/breakfast/webcam01_P48_2/6.mp4,https://storage.googleapis.com/long_term_videos/short_video_segments/breakfast/webcam01_P48_3/0.mp4,https://storage.googleapis.com/long_term_videos/short_video_segments/breakfast/cam02_P47_6/1.mp4,https://storage.googleapis.com/long_term_videos/short_video_segments/breakfast/cam01_P48_8/3.mp4,https://storage.googleapis.com/long_term_videos/short_video_segments/breakfast/webcam02_P49_8/2.mp4,https://storage.googleapis.com/long_term_videos/short_video_segments/breakfast/stereo_P54_5_ch0/3.mp4,https://storage.googleapis.com/long_term_videos/short_video_segments/breakfast/cam02_P48_4/0.mp4,https://storage.googleapis.com/long_term_videos/short_video_segments/breakfast/webcam02_P46_1/1.mp4,https://storage.googleapis.com/long_term_videos/short_video_segments/breakfast/stereo_P50_5_ch1/4.mp4
https://storage.googleapis.com/long_term_videos/short_video_segments/breakfast/cam02_P45_0/1.mp4,https://storage.googleapis.com/long_term_videos/short_video_segments/breakfast/cam02_P45_0/9.mp4,https://storage.googleapis.com/long_term_videos/short_video_segments/breakfast/stereo_P54_0_ch0/7.mp4,https://storage.googleapis.com/long_term_videos/short_video_segments/breakfast/cam01_P52_4/1.mp4,https://storage.googleapis.com/long_term_videos/short_video_segments/breakfast/webcam02_P50_8/3.mp4,https://storage.googleapis.com/long_term_videos/short_video_segments/breakfast/webcam01_P48_3/3.mp4,https://storage.googleapis.com/long_term_videos/short_video_segments/breakfast/cam01_P51_9/0.mp4,https://storage.googleapis.com/long_term_videos/short_video_segments/breakfast/stereo_P54_0_ch0/8.mp4,https://storage.googleapis.com/long_term_videos/short_video_segments/breakfast/stereo_P54_0_ch0/6.mp4,https://storage.googleapis.com/long_term_videos/short_video_segments/breakfast/cam02_P51_7/4.mp4,https://storage.googleapis.com/long_term_videos/short_video_segments/breakfast/stereo_P54_6_ch0/2.mp4
https://storage.googleapis.com/long_term_videos/short_video_segments/breakfast/cam02_P53_1/1.mp4,https://storage.googleapis.com/long_term_videos/short_video_segments/breakfast/webcam01_P51_2/2.mp4,https://storage.googleapis.com/long_term_videos/short_video_segments/breakfast/stereo_P54_5_ch0/1.mp4,https://storage.googleapis.com/long_term_videos/short_video_segments/breakfast/webcam01_P51_2/1.mp4,https://storage.googleapis.com/long_term_videos/short_video_segments/breakfast/webcam01_P47_0/5.mp4,https://storage.googleapis.com/long_term_videos/short_video_segments/breakfast/cam01_P49_3/2.mp4,https://storage.googleapis.com/long_term_videos/short_video_segments/breakfast/cam02_P53_4/2.mp4,https://storage.googleapis.com/long_term_videos/short_video_segments/breakfast/cam01_P51_9/9.mp4,https://storage.googleapis.com/long_term_videos/short_video_segments/breakfast/webcam01_P47_0/2.mp4,https://storage.googleapis.com/long_term_videos/short_video_segments/breakfast/stereo_P54_0_ch0/1.mp4,https://storage.googleapis.com/long_term_videos/short_video_segments/breakfast/stereo_P54_2_ch0/1.mp4
https://storage.googleapis.com/long_term_videos/short_video_segments/breakfast/webcam02_P48_9/5.mp4,https://storage.googleapis.com/long_term_videos/short_video_segments/breakfast/stereo_P54_0_ch0/0.mp4,https://storage.googleapis.com/long_term_videos/short_video_segments/breakfast/cam02_P45_0/6.mp4,https://storage.googleapis.com/long_term_videos/short_video_segments/breakfast/webcam01_P51_2/5.mp4,https://storage.googleapis.com/long_term_videos/short_video_segments/breakfast/cam01_P51_9/2.mp4,https://storage.googleapis.com/long_term_videos/short_video_segments/breakfast/webcam02_P50_8/2.mp4,https://storage.googleapis.com/long_term_videos/short_video_segments/breakfast/cam01_P51_9/7.mp4,https://storage.googleapis.com/long_term_videos/short_video_segments/breakfast/cam01_P52_4/0.mp4,https://storage.googleapis.com/long_term_videos/short_video_segments/breakfast/stereo_P45_3_ch1/0.mp4,https://storage.googleapis.com/long_term_videos/short_video_segments/breakfast/cam02_P47_6/2.mp4,https://storage.googleapis.com/long_term_videos/short_video_segments/breakfast/stereo_P49_7_ch1/0.mp4
https://storage.googleapis.com/long_term_videos/short_video_segments/breakfast/stereo_P50_5_ch1/0.mp4,https://storage.googleapis.com/long_term_videos/short_video_segments/breakfast/cam02_P45_0/2.mp4,https://storage.googleapis.com/long_term_videos/short_video_segments/breakfast/webcam01_P48_2/4.mp4,https://storage.googleapis.com/long_term_videos/short_video_segments/breakfast/stereo_P52_9_ch0/5.mp4,https://storage.googleapis.com/long_term_videos/short_video_segments/breakfast/stereo_P54_2_ch0/0.mp4,https://storage.googleapis.com/long_term_videos/short_video_segments/breakfast/cam02_P45_0/5.mp4,https://storage.googleapis.com/long_term_videos/short_video_segments/breakfast/stereo_P54_0_ch0/2.mp4,https://storage.googleapis.com/long_term_videos/short_video_segments/breakfast/cam01_P51_9/1.mp4,https://storage.googleapis.com/long_term_videos/short_video_segments/breakfast/cam02_P45_0/10.mp4,https://storage.googleapis.com/long_term_videos/short_video_segments/breakfast/cam01_P48_8/4.mp4,https://storage.googleapis.com/long_term_videos/short_video_segments/breakfast/stereo_P54_5_ch0/0.mp4
https://storage.googleapis.com/long_term_videos/short_video_segments/breakfast/webcam01_P48_2/0.mp4,https://storage.googleapis.com/long_term_videos/short_video_segments/breakfast/stereo_P54_0_ch0/5.mp4,https://storage.googleapis.com/long_term_videos/short_video_segments/breakfast/webcam02_P51_7/0.mp4,https://storage.googleapis.com/long_term_videos/short_video_segments/breakfast/webcam02_P45_5/3.mp4,https://storage.googleapis.com/long_term_videos/short_video_segments/breakfast/webcam01_P48_3/2.mp4,https://storage.googleapis.com/long_term_videos/short_video_segments/breakfast/webcam01_P51_2/6.mp4,https://storage.googleapis.com/long_term_videos/short_video_segments/breakfast/webcam01_P45_1/0.mp4,https://storage.googleapis.com/long_term_videos/short_video_segments/breakfast/webcam02_P50_8/4.mp4,https://storage.googleapis.com/long_term_videos/short_video_segments/breakfast/stereo_P52_9_ch0/1.mp4,https://storage.googleapis.com/long_term_videos/short_video_segments/breakfast/webcam01_P48_2/5.mp4,https://storage.googleapis.com/long_term_videos/short_video_segments/breakfast/webcam01_P51_2/3.mp4
https://storage.googleapis.com/long_term_videos/short_video_segments/breakfast/webcam01_P45_1/2.mp4,https://storage.googleapis.com/long_term_videos/short_video_segments/breakfast/cam02_P45_0/0.mp4,https://storage.googleapis.com/long_term_videos/short_video_segments/breakfast/webcam01_P48_2/2.mp4,https://storage.googleapis.com/long_term_videos/short_video_segments/breakfast/webcam02_P48_9/0.mp4,https://storage.googleapis.com/long_term_videos/short_video_segments/breakfast/stereo_P52_9_ch0/6.mp4,https://storage.googleapis.com/long_term_videos/short_video_segments/breakfast/cam01_P52_4/3.mp4,https://storage.googleapis.com/long_term_videos/short_video_segments/breakfast/webcam02_P46_1/0.mp4,https://storage.googleapis.com/long_term_videos/short_video_segments/breakfast/stereo_P54_0_ch0/4.mp4,https://storage.googleapis.com/long_term_videos/short_video_segments/breakfast/webcam01_P47_0/0.mp4,https://storage.googleapis.com/long_term_videos/short_video_segments/breakfast/cam02_P48_4/2.mp4,https://storage.googleapis.com/long_term_videos/short_video_segments/breakfast/webcam01_P48_2/1.mp4
https://storage.googleapis.com/long_term_videos/short_video_segments/breakfast/cam01_P49_3/0.mp4,https://storage.googleapis.com/long_term_videos/short_video_segments/breakfast/webcam02_P50_8/5.mp4,https://storage.googleapis.com/long_term_videos/short_video_segments/breakfast/webcam01_P47_0/3.mp4,https://storage.googleapis.com/long_term_videos/short_video_segments/breakfast/webcam02_P46_1/2.mp4,https://storage.googleapis.com/long_term_videos/short_video_segments/breakfast/cam01_P51_9/5.mp4,https://storage.googleapis.com/long_term_videos/short_video_segments/breakfast/cam02_P45_0/8.mp4,https://storage.googleapis.com/long_term_videos/short_video_segments/breakfast/webcam02_P48_9/3.mp4,https://storage.googleapis.com/long_term_videos/short_video_segments/breakfast/stereo_P54_6_ch0/1.mp4,https://storage.googleapis.com/long_term_videos/short_video_segments/breakfast/cam01_P48_8/1.mp4,https://storage.googleapis.com/long_term_videos/short_video_segments/breakfast/stereo_P53_6_ch0/1.mp4,https://storage.googleapis.com/long_term_videos/short_video_segments/breakfast/webcam02_P48_9/1.mp4
https://storage.googleapis.com/long_term_videos/short_video_segments/breakfast/stereo_P50_5_ch1/3.mp4,https://storage.googleapis.com/long_term_videos/short_video_segments/breakfast/webcam02_P51_7/3.mp4,https://storage.googleapis.com/long_term_videos/short_video_segments/breakfast/webcam01_P45_1/1.mp4,https://storage.googleapis.com/long_term_videos/short_video_segments/breakfast/webcam02_P45_5/1.mp4,https://storage.googleapis.com/long_term_videos/short_video_segments/breakfast/stereo_P54_0_ch0/3.mp4,https://storage.googleapis.com/long_term_videos/short_video_segments/breakfast/cam02_P47_6/0.mp4,https://storage.googleapis.com/long_term_videos/short_video_segments/breakfast/cam02_P48_4/1.mp4,https://storage.googleapis.com/long_term_videos/short_video_segments/breakfast/cam02_P48_4/3.mp4,https://storage.googleapis.com/long_term_videos/short_video_segments/breakfast/webcam02_P49_8/0.mp4,https://storage.googleapis.com/long_term_videos/short_video_segments/breakfast/stereo_P52_9_ch0/8.mp4,https://storage.googleapis.com/long_term_videos/short_video_segments/breakfast/webcam01_P51_2/0.mp4
https://storage.googleapis.com/long_term_videos/short_video_segments/breakfast/webcam02_P48_9/6.mp4,https://storage.googleapis.com/long_term_videos/short_video_segments/breakfast/webcam02_P49_8/1.mp4,https://storage.googleapis.com/long_term_videos/short_video_segments/breakfast/webcam02_P49_8/3.mp4,https://storage.googleapis.com/long_term_videos/short_video_segments/breakfast/stereo_P50_5_ch1/2.mp4,https://storage.googleapis.com/long_term_videos/short_video_segments/breakfast/stereo_P52_9_ch0/7.mp4,https://storage.googleapis.com/long_term_videos/short_video_segments/breakfast/webcam01_P48_2/7.mp4,https://storage.googleapis.com/long_term_videos/short_video_segments/breakfast/stereo_P54_2_ch0/2.mp4,https://storage.googleapis.com/long_term_videos/short_video_segments/breakfast/cam02_P45_0/3.mp4,https://storage.googleapis.com/long_term_videos/short_video_segments/breakfast/cam02_P51_7/3.mp4,https://storage.googleapis.com/long_term_videos/short_video_segments/breakfast/cam02_P51_7/2.mp4,https://storage.googleapis.com/long_term_videos/short_video_segments/breakfast/stereo_P54_5_ch0/2.mp4
https://storage.googleapis.com/long_term_videos/short_video_segments/breakfast/cam02_P45_0/7.mp4,https://storage.googleapis.com/long_term_videos/short_video_segments/breakfast/webcam02_P51_7/2.mp4,https://storage.googleapis.com/long_term_videos/short_video_segments/breakfast/cam02_P51_7/1.mp4,https://storage.googleapis.com/long_term_videos/short_video_segments/breakfast/cam01_P51_9/6.mp4,https://storage.googleapis.com/long_term_videos/short_video_segments/breakfast/cam02_P51_7/0.mp4,https://storage.googleapis.com/long_term_videos/short_video_segments/breakfast/stereo_P52_9_ch0/4.mp4,https://storage.googleapis.com/long_term_videos/short_video_segments/breakfast/webcam02_P45_5/0.mp4,https://storage.googleapis.com/long_term_videos/short_video_segments/breakfast/webcam01_P47_0/7.mp4,https://storage.googleapis.com/long_term_videos/short_video_segments/breakfast/cam01_P48_8/0.mp4,https://storage.googleapis.com/long_term_videos/short_video_segments/breakfast/webcam01_P47_0/6.mp4,https://storage.googleapis.com/long_term_videos/short_video_segments/breakfast/stereo_P52_9_ch0/9.mp4
https://storage.googleapis.com/long_term_videos/short_video_segments/breakfast/stereo_P54_2_ch0/3.mp4,https://storage.googleapis.com/long_term_videos/short_video_segments/breakfast/webcam02_P48_9/2.mp4,https://storage.googleapis.com/long_term_videos/short_video_segments/breakfast/webcam02_P50_8/1.mp4,https://storage.googleapis.com/long_term_videos/short_video_segments/breakfast/stereo_P52_9_ch0/3.mp4,https://storage.googleapis.com/long_term_videos/short_video_segments/breakfast/stereo_P53_6_ch0/2.mp4,https://storage.googleapis.com/long_term_videos/short_video_segments/breakfast/stereo_P52_9_ch0/2.mp4,https://storage.googleapis.com/long_term_videos/short_video_segments/breakfast/stereo_P54_2_ch0/4.mp4,https://storage.googleapis.com/long_term_videos/short_video_segments/breakfast/cam02_P53_4/1.mp4,https://storage.googleapis.com/long_term_videos/short_video_segments/breakfast/cam01_P51_9/4.mp4,https://storage.googleapis.com/long_term_videos/short_video_segments/breakfast/stereo_P52_9_ch0/0.mp4,https://storage.googleapis.com/long_term_videos/short_video_segments/breakfast/cam01_P49_3/1.mp4
