videoLink1,videoLink2,videoLink3,videoLink4,videoLink5,videoLink6,videoLink7,videoLink8,videoLink9,videoLink10,videoLink11,videoLink12,videoLink13
https://storage.googleapis.com/long_term_videos/short_video_segments/CrossTask/K32brOX-wag/8.mp4,https://storage.googleapis.com/long_term_videos/short_video_segments/CrossTask/Plu5-InyKfc/5.mp4,https://storage.googleapis.com/long_term_videos/short_video_segments/CrossTask/nBY5zp_Ebeg/0.mp4,https://storage.googleapis.com/long_term_videos/short_video_segments/CrossTask/qLnTkIUO0so/10.mp4,https://storage.googleapis.com/long_term_videos/short_video_segments/CrossTask/akCIlGT0q9o/6.mp4,https://storage.googleapis.com/long_term_videos/short_video_segments/CrossTask/G6fNNVqyVO0/0.mp4,https://storage.googleapis.com/long_term_videos/short_video_segments/CrossTask/K32brOX-wag/2.mp4,https://storage.googleapis.com/long_term_videos/short_video_segments/CrossTask/Rxk_ot88l0M/5.mp4,https://storage.googleapis.com/long_term_videos/short_video_segments/CrossTask/RI0SDhRtapU/6.mp4,https://storage.googleapis.com/long_term_videos/short_video_segments/CrossTask/i4xTz_OwlSQ/1.mp4,https://storage.googleapis.com/long_term_videos/short_video_segments/CrossTask/akCIlGT0q9o/12.mp4,https://storage.googleapis.com/long_term_videos/short_video_segments/CrossTask/tjIVUPZIv9U/12.mp4,https://storage.googleapis.com/long_term_videos/short_video_segments/CrossTask/RI0SDhRtapU/5.mp4
https://storage.googleapis.com/long_term_videos/short_video_segments/CrossTask/-BMhljAa_9c/2.mp4,https://storage.googleapis.com/long_term_videos/short_video_segments/CrossTask/nx9PibAHb7A/8.mp4,https://storage.googleapis.com/long_term_videos/short_video_segments/CrossTask/akCIlGT0q9o/3.mp4,https://storage.googleapis.com/long_term_videos/short_video_segments/CrossTask/6jvd9SwRhFA/5.mp4,https://storage.googleapis.com/long_term_videos/short_video_segments/CrossTask/EA-DV0pzkWU/0.mp4,https://storage.googleapis.com/long_term_videos/short_video_segments/CrossTask/PaOvO8HYeeM/4.mp4,https://storage.googleapis.com/long_term_videos/short_video_segments/CrossTask/RI0SDhRtapU/13.mp4,https://storage.googleapis.com/long_term_videos/short_video_segments/CrossTask/cX8RvflJRgE/4.mp4,https://storage.googleapis.com/long_term_videos/short_video_segments/CrossTask/qLnTkIUO0so/6.mp4,https://storage.googleapis.com/long_term_videos/short_video_segments/CrossTask/2Vd4i71klEw/3.mp4,https://storage.googleapis.com/long_term_videos/short_video_segments/CrossTask/tjIVUPZIv9U/6.mp4,https://storage.googleapis.com/long_term_videos/short_video_segments/CrossTask/a_6-07ryG2c/1.mp4,https://storage.googleapis.com/long_term_videos/short_video_segments/CrossTask/PaOvO8HYeeM/5.mp4
https://storage.googleapis.com/long_term_videos/short_video_segments/CrossTask/_73eBzy9mPA/1.mp4,https://storage.googleapis.com/long_term_videos/short_video_segments/CrossTask/2Vd4i71klEw/4.mp4,https://storage.googleapis.com/long_term_videos/short_video_segments/CrossTask/al6hmAeCP3E/6.mp4,https://storage.googleapis.com/long_term_videos/short_video_segments/CrossTask/qLnTkIUO0so/11.mp4,https://storage.googleapis.com/long_term_videos/short_video_segments/CrossTask/akCIlGT0q9o/10.mp4,https://storage.googleapis.com/long_term_videos/short_video_segments/CrossTask/RI0SDhRtapU/14.mp4,https://storage.googleapis.com/long_term_videos/short_video_segments/CrossTask/cX8RvflJRgE/2.mp4,https://storage.googleapis.com/long_term_videos/short_video_segments/CrossTask/RI0SDhRtapU/11.mp4,https://storage.googleapis.com/long_term_videos/short_video_segments/CrossTask/Rxk_ot88l0M/0.mp4,https://storage.googleapis.com/long_term_videos/short_video_segments/CrossTask/al6hmAeCP3E/8.mp4,https://storage.googleapis.com/long_term_videos/short_video_segments/CrossTask/nx9PibAHb7A/6.mp4,https://storage.googleapis.com/long_term_videos/short_video_segments/CrossTask/1HKMAk3LPw4/0.mp4,https://storage.googleapis.com/long_term_videos/short_video_segments/CrossTask/WtM89O2w6Ts/0.mp4
https://storage.googleapis.com/long_term_videos/short_video_segments/CrossTask/_cIL7iu5bMY/6.mp4,https://storage.googleapis.com/long_term_videos/short_video_segments/CrossTask/Yk49tkzTSlc/1.mp4,https://storage.googleapis.com/long_term_videos/short_video_segments/CrossTask/cX8RvflJRgE/1.mp4,https://storage.googleapis.com/long_term_videos/short_video_segments/CrossTask/Plu5-InyKfc/6.mp4,https://storage.googleapis.com/long_term_videos/short_video_segments/CrossTask/nx9PibAHb7A/9.mp4,https://storage.googleapis.com/long_term_videos/short_video_segments/CrossTask/28jB3HoQkdQ/2.mp4,https://storage.googleapis.com/long_term_videos/short_video_segments/CrossTask/tjIVUPZIv9U/13.mp4,https://storage.googleapis.com/long_term_videos/short_video_segments/CrossTask/kReUYklvjnc/3.mp4,https://storage.googleapis.com/long_term_videos/short_video_segments/CrossTask/_cIL7iu5bMY/7.mp4,https://storage.googleapis.com/long_term_videos/short_video_segments/CrossTask/j0T53jB9aAw/9.mp4,https://storage.googleapis.com/long_term_videos/short_video_segments/CrossTask/Plu5-InyKfc/1.mp4,https://storage.googleapis.com/long_term_videos/short_video_segments/CrossTask/_cIL7iu5bMY/4.mp4,https://storage.googleapis.com/long_term_videos/short_video_segments/CrossTask/akCIlGT0q9o/1.mp4
https://storage.googleapis.com/long_term_videos/short_video_segments/CrossTask/a_6-07ryG2c/9.mp4,https://storage.googleapis.com/long_term_videos/short_video_segments/CrossTask/x90lFJxwdxY/3.mp4,https://storage.googleapis.com/long_term_videos/short_video_segments/CrossTask/xb9aYTlZiUo/5.mp4,https://storage.googleapis.com/long_term_videos/short_video_segments/CrossTask/x90lFJxwdxY/0.mp4,https://storage.googleapis.com/long_term_videos/short_video_segments/CrossTask/akCIlGT0q9o/8.mp4,https://storage.googleapis.com/long_term_videos/short_video_segments/CrossTask/PaOvO8HYeeM/2.mp4,https://storage.googleapis.com/long_term_videos/short_video_segments/CrossTask/_cIL7iu5bMY/1.mp4,https://storage.googleapis.com/long_term_videos/short_video_segments/CrossTask/RI0SDhRtapU/0.mp4,https://storage.googleapis.com/long_term_videos/short_video_segments/CrossTask/Jf7WQuiAUjQ/3.mp4,https://storage.googleapis.com/long_term_videos/short_video_segments/CrossTask/4-TH15hcS7w/1.mp4,https://storage.googleapis.com/long_term_videos/short_video_segments/CrossTask/RI0SDhRtapU/8.mp4,https://storage.googleapis.com/long_term_videos/short_video_segments/CrossTask/j0T53jB9aAw/1.mp4,https://storage.googleapis.com/long_term_videos/short_video_segments/CrossTask/kmVJOFDVwD0/2.mp4
https://storage.googleapis.com/long_term_videos/short_video_segments/CrossTask/SS45rKUo4ZY/4.mp4,https://storage.googleapis.com/long_term_videos/short_video_segments/CrossTask/tHajSaxvTTk/0.mp4,https://storage.googleapis.com/long_term_videos/short_video_segments/CrossTask/qLnTkIUO0so/3.mp4,https://storage.googleapis.com/long_term_videos/short_video_segments/CrossTask/nx9PibAHb7A/7.mp4,https://storage.googleapis.com/long_term_videos/short_video_segments/CrossTask/SS45rKUo4ZY/5.mp4,https://storage.googleapis.com/long_term_videos/short_video_segments/CrossTask/x90lFJxwdxY/1.mp4,https://storage.googleapis.com/long_term_videos/short_video_segments/CrossTask/K32brOX-wag/1.mp4,https://storage.googleapis.com/long_term_videos/short_video_segments/CrossTask/nx9PibAHb7A/4.mp4,https://storage.googleapis.com/long_term_videos/short_video_segments/CrossTask/kReUYklvjnc/4.mp4,https://storage.googleapis.com/long_term_videos/short_video_segments/CrossTask/G6fNNVqyVO0/2.mp4,https://storage.googleapis.com/long_term_videos/short_video_segments/CrossTask/4-TH15hcS7w/3.mp4,https://storage.googleapis.com/long_term_videos/short_video_segments/CrossTask/j0T53jB9aAw/3.mp4,https://storage.googleapis.com/long_term_videos/short_video_segments/CrossTask/WtM89O2w6Ts/6.mp4
https://storage.googleapis.com/long_term_videos/short_video_segments/CrossTask/cX8RvflJRgE/3.mp4,https://storage.googleapis.com/long_term_videos/short_video_segments/CrossTask/K32brOX-wag/5.mp4,https://storage.googleapis.com/long_term_videos/short_video_segments/CrossTask/xb9aYTlZiUo/1.mp4,https://storage.googleapis.com/long_term_videos/short_video_segments/CrossTask/kReUYklvjnc/1.mp4,https://storage.googleapis.com/long_term_videos/short_video_segments/CrossTask/al6hmAeCP3E/2.mp4,https://storage.googleapis.com/long_term_videos/short_video_segments/CrossTask/Yk49tkzTSlc/3.mp4,https://storage.googleapis.com/long_term_videos/short_video_segments/CrossTask/2Vd4i71klEw/1.mp4,https://storage.googleapis.com/long_term_videos/short_video_segments/CrossTask/qLnTkIUO0so/7.mp4,https://storage.googleapis.com/long_term_videos/short_video_segments/CrossTask/qLnTkIUO0so/5.mp4,https://storage.googleapis.com/long_term_videos/short_video_segments/CrossTask/Rxk_ot88l0M/7.mp4,https://storage.googleapis.com/long_term_videos/short_video_segments/CrossTask/akCIlGT0q9o/0.mp4,https://storage.googleapis.com/long_term_videos/short_video_segments/CrossTask/-BMhljAa_9c/0.mp4,https://storage.googleapis.com/long_term_videos/short_video_segments/CrossTask/RI0SDhRtapU/7.mp4
https://storage.googleapis.com/long_term_videos/short_video_segments/CrossTask/tHajSaxvTTk/1.mp4,https://storage.googleapis.com/long_term_videos/short_video_segments/CrossTask/PaOvO8HYeeM/1.mp4,https://storage.googleapis.com/long_term_videos/short_video_segments/CrossTask/G6fNNVqyVO0/1.mp4,https://storage.googleapis.com/long_term_videos/short_video_segments/CrossTask/qLnTkIUO0so/1.mp4,https://storage.googleapis.com/long_term_videos/short_video_segments/CrossTask/nx9PibAHb7A/3.mp4,https://storage.googleapis.com/long_term_videos/short_video_segments/CrossTask/j0T53jB9aAw/5.mp4,https://storage.googleapis.com/long_term_videos/short_video_segments/CrossTask/j0T53jB9aAw/6.mp4,https://storage.googleapis.com/long_term_videos/short_video_segments/CrossTask/G6fNNVqyVO0/6.mp4,https://storage.googleapis.com/long_term_videos/short_video_segments/CrossTask/nx9PibAHb7A/0.mp4,https://storage.googleapis.com/long_term_videos/short_video_segments/CrossTask/i4xTz_OwlSQ/0.mp4,https://storage.googleapis.com/long_term_videos/short_video_segments/CrossTask/nBY5zp_Ebeg/2.mp4,https://storage.googleapis.com/long_term_videos/short_video_segments/CrossTask/Plu5-InyKfc/4.mp4,https://storage.googleapis.com/long_term_videos/short_video_segments/CrossTask/kReUYklvjnc/0.mp4
https://storage.googleapis.com/long_term_videos/short_video_segments/CrossTask/Rxk_ot88l0M/1.mp4,https://storage.googleapis.com/long_term_videos/short_video_segments/CrossTask/G6fNNVqyVO0/8.mp4,https://storage.googleapis.com/long_term_videos/short_video_segments/CrossTask/28jB3HoQkdQ/0.mp4,https://storage.googleapis.com/long_term_videos/short_video_segments/CrossTask/WtM89O2w6Ts/4.mp4,https://storage.googleapis.com/long_term_videos/short_video_segments/CrossTask/a_6-07ryG2c/8.mp4,https://storage.googleapis.com/long_term_videos/short_video_segments/CrossTask/Q0pvap-Gkzc/3.mp4,https://storage.googleapis.com/long_term_videos/short_video_segments/CrossTask/nx9PibAHb7A/2.mp4,https://storage.googleapis.com/long_term_videos/short_video_segments/CrossTask/G6fNNVqyVO0/4.mp4,https://storage.googleapis.com/long_term_videos/short_video_segments/CrossTask/i4xTz_OwlSQ/2.mp4,https://storage.googleapis.com/long_term_videos/short_video_segments/CrossTask/j0T53jB9aAw/11.mp4,https://storage.googleapis.com/long_term_videos/short_video_segments/CrossTask/kReUYklvjnc/7.mp4,https://storage.googleapis.com/long_term_videos/short_video_segments/CrossTask/G6fNNVqyVO0/3.mp4,https://storage.googleapis.com/long_term_videos/short_video_segments/CrossTask/x90lFJxwdxY/2.mp4
https://storage.googleapis.com/long_term_videos/short_video_segments/CrossTask/Rxk_ot88l0M/6.mp4,https://storage.googleapis.com/long_term_videos/short_video_segments/CrossTask/xb9aYTlZiUo/2.mp4,https://storage.googleapis.com/long_term_videos/short_video_segments/CrossTask/4-TH15hcS7w/4.mp4,https://storage.googleapis.com/long_term_videos/short_video_segments/CrossTask/G6fNNVqyVO0/7.mp4,https://storage.googleapis.com/long_term_videos/short_video_segments/CrossTask/2Vd4i71klEw/2.mp4,https://storage.googleapis.com/long_term_videos/short_video_segments/CrossTask/SS45rKUo4ZY/3.mp4,https://storage.googleapis.com/long_term_videos/short_video_segments/CrossTask/K32brOX-wag/9.mp4,https://storage.googleapis.com/long_term_videos/short_video_segments/CrossTask/a_6-07ryG2c/4.mp4,https://storage.googleapis.com/long_term_videos/short_video_segments/CrossTask/j0T53jB9aAw/10.mp4,https://storage.googleapis.com/long_term_videos/short_video_segments/CrossTask/_73eBzy9mPA/0.mp4,https://storage.googleapis.com/long_term_videos/short_video_segments/CrossTask/Jf7WQuiAUjQ/4.mp4,https://storage.googleapis.com/long_term_videos/short_video_segments/CrossTask/al6hmAeCP3E/3.mp4,https://storage.googleapis.com/long_term_videos/short_video_segments/CrossTask/6jvd9SwRhFA/1.mp4
https://storage.googleapis.com/long_term_videos/short_video_segments/CrossTask/tjIVUPZIv9U/14.mp4,https://storage.googleapis.com/long_term_videos/short_video_segments/CrossTask/Rxk_ot88l0M/4.mp4,https://storage.googleapis.com/long_term_videos/short_video_segments/CrossTask/PaOvO8HYeeM/3.mp4,https://storage.googleapis.com/long_term_videos/short_video_segments/CrossTask/Rxk_ot88l0M/8.mp4,https://storage.googleapis.com/long_term_videos/short_video_segments/CrossTask/qLnTkIUO0so/4.mp4,https://storage.googleapis.com/long_term_videos/short_video_segments/CrossTask/RI0SDhRtapU/2.mp4,https://storage.googleapis.com/long_term_videos/short_video_segments/CrossTask/RI0SDhRtapU/10.mp4,https://storage.googleapis.com/long_term_videos/short_video_segments/CrossTask/Rxk_ot88l0M/3.mp4,https://storage.googleapis.com/long_term_videos/short_video_segments/CrossTask/j0T53jB9aAw/7.mp4,https://storage.googleapis.com/long_term_videos/short_video_segments/CrossTask/al6hmAeCP3E/0.mp4,https://storage.googleapis.com/long_term_videos/short_video_segments/CrossTask/kmVJOFDVwD0/1.mp4,https://storage.googleapis.com/long_term_videos/short_video_segments/CrossTask/i4xTz_OwlSQ/3.mp4,https://storage.googleapis.com/long_term_videos/short_video_segments/CrossTask/al6hmAeCP3E/5.mp4
https://storage.googleapis.com/long_term_videos/short_video_segments/CrossTask/_cIL7iu5bMY/5.mp4,https://storage.googleapis.com/long_term_videos/short_video_segments/CrossTask/_cIL7iu5bMY/2.mp4,https://storage.googleapis.com/long_term_videos/short_video_segments/CrossTask/Plu5-InyKfc/2.mp4,https://storage.googleapis.com/long_term_videos/short_video_segments/CrossTask/xb9aYTlZiUo/6.mp4,https://storage.googleapis.com/long_term_videos/short_video_segments/CrossTask/WtM89O2w6Ts/2.mp4,https://storage.googleapis.com/long_term_videos/short_video_segments/CrossTask/xb9aYTlZiUo/3.mp4,https://storage.googleapis.com/long_term_videos/short_video_segments/CrossTask/Yk49tkzTSlc/0.mp4,https://storage.googleapis.com/long_term_videos/short_video_segments/CrossTask/K32brOX-wag/3.mp4,https://storage.googleapis.com/long_term_videos/short_video_segments/CrossTask/K32brOX-wag/0.mp4,https://storage.googleapis.com/long_term_videos/short_video_segments/CrossTask/K32brOX-wag/7.mp4,https://storage.googleapis.com/long_term_videos/short_video_segments/CrossTask/qLnTkIUO0so/0.mp4,https://storage.googleapis.com/long_term_videos/short_video_segments/CrossTask/nBY5zp_Ebeg/1.mp4,https://storage.googleapis.com/long_term_videos/short_video_segments/CrossTask/RI0SDhRtapU/1.mp4
https://storage.googleapis.com/long_term_videos/short_video_segments/CrossTask/RI0SDhRtapU/12.mp4,https://storage.googleapis.com/long_term_videos/short_video_segments/CrossTask/2Vd4i71klEw/0.mp4,https://storage.googleapis.com/long_term_videos/short_video_segments/CrossTask/6jvd9SwRhFA/0.mp4,https://storage.googleapis.com/long_term_videos/short_video_segments/CrossTask/RI0SDhRtapU/9.mp4,https://storage.googleapis.com/long_term_videos/short_video_segments/CrossTask/tjIVUPZIv9U/2.mp4,https://storage.googleapis.com/long_term_videos/short_video_segments/CrossTask/tHajSaxvTTk/2.mp4,https://storage.googleapis.com/long_term_videos/short_video_segments/CrossTask/qLnTkIUO0so/2.mp4,https://storage.googleapis.com/long_term_videos/short_video_segments/CrossTask/akCIlGT0q9o/4.mp4,https://storage.googleapis.com/long_term_videos/short_video_segments/CrossTask/Yk49tkzTSlc/4.mp4,https://storage.googleapis.com/long_term_videos/short_video_segments/CrossTask/6jvd9SwRhFA/2.mp4,https://storage.googleapis.com/long_term_videos/short_video_segments/CrossTask/qLnTkIUO0so/8.mp4,https://storage.googleapis.com/long_term_videos/short_video_segments/CrossTask/nx9PibAHb7A/1.mp4,https://storage.googleapis.com/long_term_videos/short_video_segments/CrossTask/kReUYklvjnc/6.mp4
https://storage.googleapis.com/long_term_videos/short_video_segments/CrossTask/al6hmAeCP3E/12.mp4,https://storage.googleapis.com/long_term_videos/short_video_segments/CrossTask/YDzefZVF0N0/0.mp4,https://storage.googleapis.com/long_term_videos/short_video_segments/CrossTask/Q0pvap-Gkzc/2.mp4,https://storage.googleapis.com/long_term_videos/short_video_segments/CrossTask/i4xTz_OwlSQ/4.mp4,https://storage.googleapis.com/long_term_videos/short_video_segments/CrossTask/nBY5zp_Ebeg/3.mp4,https://storage.googleapis.com/long_term_videos/short_video_segments/CrossTask/j0T53jB9aAw/8.mp4,https://storage.googleapis.com/long_term_videos/short_video_segments/CrossTask/SS45rKUo4ZY/0.mp4,https://storage.googleapis.com/long_term_videos/short_video_segments/CrossTask/Jf7WQuiAUjQ/1.mp4,https://storage.googleapis.com/long_term_videos/short_video_segments/CrossTask/kReUYklvjnc/5.mp4,https://storage.googleapis.com/long_term_videos/short_video_segments/CrossTask/4-TH15hcS7w/0.mp4,https://storage.googleapis.com/long_term_videos/short_video_segments/CrossTask/PaOvO8HYeeM/0.mp4,https://storage.googleapis.com/long_term_videos/short_video_segments/CrossTask/nBY5zp_Ebeg/4.mp4,https://storage.googleapis.com/long_term_videos/short_video_segments/CrossTask/Jf7WQuiAUjQ/5.mp4
https://storage.googleapis.com/long_term_videos/short_video_segments/CrossTask/j0T53jB9aAw/4.mp4,https://storage.googleapis.com/long_term_videos/short_video_segments/CrossTask/RI0SDhRtapU/3.mp4,https://storage.googleapis.com/long_term_videos/short_video_segments/CrossTask/6jvd9SwRhFA/3.mp4,https://storage.googleapis.com/long_term_videos/short_video_segments/CrossTask/Rxk_ot88l0M/2.mp4,https://storage.googleapis.com/long_term_videos/short_video_segments/CrossTask/tjIVUPZIv9U/4.mp4,https://storage.googleapis.com/long_term_videos/short_video_segments/CrossTask/j0T53jB9aAw/0.mp4,https://storage.googleapis.com/long_term_videos/short_video_segments/CrossTask/akCIlGT0q9o/7.mp4,https://storage.googleapis.com/long_term_videos/short_video_segments/CrossTask/1HKMAk3LPw4/1.mp4,https://storage.googleapis.com/long_term_videos/short_video_segments/CrossTask/28jB3HoQkdQ/3.mp4,https://storage.googleapis.com/long_term_videos/short_video_segments/CrossTask/akCIlGT0q9o/9.mp4,https://storage.googleapis.com/long_term_videos/short_video_segments/CrossTask/Q0pvap-Gkzc/1.mp4,https://storage.googleapis.com/long_term_videos/short_video_segments/CrossTask/akCIlGT0q9o/2.mp4,https://storage.googleapis.com/long_term_videos/short_video_segments/CrossTask/al6hmAeCP3E/1.mp4
https://storage.googleapis.com/long_term_videos/short_video_segments/CrossTask/tjIVUPZIv9U/3.mp4,https://storage.googleapis.com/long_term_videos/short_video_segments/CrossTask/RI0SDhRtapU/15.mp4,https://storage.googleapis.com/long_term_videos/short_video_segments/CrossTask/_cIL7iu5bMY/0.mp4,https://storage.googleapis.com/long_term_videos/short_video_segments/CrossTask/Plu5-InyKfc/3.mp4,https://storage.googleapis.com/long_term_videos/short_video_segments/CrossTask/xb9aYTlZiUo/0.mp4,https://storage.googleapis.com/long_term_videos/short_video_segments/CrossTask/akCIlGT0q9o/14.mp4,https://storage.googleapis.com/long_term_videos/short_video_segments/CrossTask/K32brOX-wag/6.mp4,https://storage.googleapis.com/long_term_videos/short_video_segments/CrossTask/akCIlGT0q9o/13.mp4,https://storage.googleapis.com/long_term_videos/short_video_segments/CrossTask/SS45rKUo4ZY/2.mp4,https://storage.googleapis.com/long_term_videos/short_video_segments/CrossTask/tjIVUPZIv9U/1.mp4,https://storage.googleapis.com/long_term_videos/short_video_segments/CrossTask/G6fNNVqyVO0/5.mp4,https://storage.googleapis.com/long_term_videos/short_video_segments/CrossTask/_73eBzy9mPA/2.mp4,https://storage.googleapis.com/long_term_videos/short_video_segments/CrossTask/xb9aYTlZiUo/7.mp4
https://storage.googleapis.com/long_term_videos/short_video_segments/CrossTask/tjIVUPZIv9U/10.mp4,https://storage.googleapis.com/long_term_videos/short_video_segments/CrossTask/al6hmAeCP3E/11.mp4,https://storage.googleapis.com/long_term_videos/short_video_segments/CrossTask/Q0pvap-Gkzc/4.mp4,https://storage.googleapis.com/long_term_videos/short_video_segments/CrossTask/al6hmAeCP3E/7.mp4,https://storage.googleapis.com/long_term_videos/short_video_segments/CrossTask/Yk49tkzTSlc/2.mp4,https://storage.googleapis.com/long_term_videos/short_video_segments/CrossTask/cX8RvflJRgE/0.mp4,https://storage.googleapis.com/long_term_videos/short_video_segments/CrossTask/a_6-07ryG2c/2.mp4,https://storage.googleapis.com/long_term_videos/short_video_segments/CrossTask/a_6-07ryG2c/6.mp4,https://storage.googleapis.com/long_term_videos/short_video_segments/CrossTask/Jf7WQuiAUjQ/0.mp4,https://storage.googleapis.com/long_term_videos/short_video_segments/CrossTask/tjIVUPZIv9U/5.mp4,https://storage.googleapis.com/long_term_videos/short_video_segments/CrossTask/6jvd9SwRhFA/4.mp4,https://storage.googleapis.com/long_term_videos/short_video_segments/CrossTask/kReUYklvjnc/2.mp4,https://storage.googleapis.com/long_term_videos/short_video_segments/CrossTask/Yk49tkzTSlc/5.mp4
https://storage.googleapis.com/long_term_videos/short_video_segments/CrossTask/j0T53jB9aAw/2.mp4,https://storage.googleapis.com/long_term_videos/short_video_segments/CrossTask/qLnTkIUO0so/9.mp4,https://storage.googleapis.com/long_term_videos/short_video_segments/CrossTask/-BMhljAa_9c/1.mp4,https://storage.googleapis.com/long_term_videos/short_video_segments/CrossTask/al6hmAeCP3E/4.mp4,https://storage.googleapis.com/long_term_videos/short_video_segments/CrossTask/-BMhljAa_9c/3.mp4,https://storage.googleapis.com/long_term_videos/short_video_segments/CrossTask/tjIVUPZIv9U/8.mp4,https://storage.googleapis.com/long_term_videos/short_video_segments/CrossTask/RI0SDhRtapU/4.mp4,https://storage.googleapis.com/long_term_videos/short_video_segments/CrossTask/WtM89O2w6Ts/3.mp4,https://storage.googleapis.com/long_term_videos/short_video_segments/CrossTask/_cIL7iu5bMY/3.mp4,https://storage.googleapis.com/long_term_videos/short_video_segments/CrossTask/1HKMAk3LPw4/2.mp4,https://storage.googleapis.com/long_term_videos/short_video_segments/CrossTask/Jf7WQuiAUjQ/6.mp4,https://storage.googleapis.com/long_term_videos/short_video_segments/CrossTask/a_6-07ryG2c/3.mp4,https://storage.googleapis.com/long_term_videos/short_video_segments/CrossTask/tjIVUPZIv9U/7.mp4
https://storage.googleapis.com/long_term_videos/short_video_segments/CrossTask/1HKMAk3LPw4/3.mp4,https://storage.googleapis.com/long_term_videos/short_video_segments/CrossTask/Jf7WQuiAUjQ/2.mp4,https://storage.googleapis.com/long_term_videos/short_video_segments/CrossTask/al6hmAeCP3E/10.mp4,https://storage.googleapis.com/long_term_videos/short_video_segments/CrossTask/al6hmAeCP3E/9.mp4,https://storage.googleapis.com/long_term_videos/short_video_segments/CrossTask/akCIlGT0q9o/5.mp4,https://storage.googleapis.com/long_term_videos/short_video_segments/CrossTask/a_6-07ryG2c/7.mp4,https://storage.googleapis.com/long_term_videos/short_video_segments/CrossTask/xb9aYTlZiUo/4.mp4,https://storage.googleapis.com/long_term_videos/short_video_segments/CrossTask/tjIVUPZIv9U/9.mp4,https://storage.googleapis.com/long_term_videos/short_video_segments/CrossTask/WtM89O2w6Ts/1.mp4,https://storage.googleapis.com/long_term_videos/short_video_segments/CrossTask/kmVJOFDVwD0/0.mp4,https://storage.googleapis.com/long_term_videos/short_video_segments/CrossTask/a_6-07ryG2c/5.mp4,https://storage.googleapis.com/long_term_videos/short_video_segments/CrossTask/tjIVUPZIv9U/11.mp4,https://storage.googleapis.com/long_term_videos/short_video_segments/CrossTask/Q0pvap-Gkzc/0.mp4
https://storage.googleapis.com/long_term_videos/short_video_segments/CrossTask/K32brOX-wag/4.mp4,https://storage.googleapis.com/long_term_videos/short_video_segments/CrossTask/cX8RvflJRgE/5.mp4,https://storage.googleapis.com/long_term_videos/short_video_segments/CrossTask/SS45rKUo4ZY/1.mp4,https://storage.googleapis.com/long_term_videos/short_video_segments/CrossTask/4-TH15hcS7w/2.mp4,https://storage.googleapis.com/long_term_videos/short_video_segments/CrossTask/akCIlGT0q9o/11.mp4,https://storage.googleapis.com/long_term_videos/short_video_segments/CrossTask/4-TH15hcS7w/5.mp4,https://storage.googleapis.com/long_term_videos/short_video_segments/CrossTask/nx9PibAHb7A/5.mp4,https://storage.googleapis.com/long_term_videos/short_video_segments/CrossTask/tjIVUPZIv9U/0.mp4,https://storage.googleapis.com/long_term_videos/short_video_segments/CrossTask/WtM89O2w6Ts/5.mp4,https://storage.googleapis.com/long_term_videos/short_video_segments/CrossTask/akCIlGT0q9o/15.mp4,https://storage.googleapis.com/long_term_videos/short_video_segments/CrossTask/Plu5-InyKfc/0.mp4,https://storage.googleapis.com/long_term_videos/short_video_segments/CrossTask/28jB3HoQkdQ/1.mp4,https://storage.googleapis.com/long_term_videos/short_video_segments/CrossTask/a_6-07ryG2c/0.mp4
